rupeedensity,enemydensity,extradoors,fitness
0.5,0.0,2,48.2
0.9760611731875264,0.6990054347291906,2,30.599999999999994
0.633458500839238,0.5503591103950163,2,37.2
